{
    "equ": [
        1,
        0
    ],
    "volts": [
        0.001,
        0
    ],
    "zerro": [
        0
    ],
    "ampers": [
        -0.009788782891869855,
        24.159543475504957
    ]
}